"","X","Report.Number","Agency.Name","Crash.Date.Time","Route.Type","Road.Name","Municipality","Weather","Surface.Condition","Light","Traffic.Control","Driver.Substance.Abuse","Collision.Type","Driver.Distracted.By","Vehicle.ID","Vehicle.Damage.Extent","Vehicle.Body.Type","Vehicle.Model","Vehicle.Movement","Speed.Limit","Parked.Vehicle","Equipment.Problems","Location","class"
"462",461,158,2,386,1,100,14,0,4,4,1,5,9,6,448,1,14,62,0,7,0,1,213,"0"
"464",463,156,2,379,1,127,14,1,4,5,4,5,6,7,517,1,14,44,0,6,0,1,101,"0"
"468",467,200,2,247,2,81,14,2,4,2,1,5,11,6,839,3,17,90,5,5,0,1,269,"0"
"469",468,460,1,231,1,124,8,0,0,4,4,5,8,7,489,1,14,210,5,7,0,1,474,"0"
"472",471,451,1,581,2,35,8,0,0,4,3,5,15,6,484,2,14,116,5,5,0,1,517,"0"
"473",472,365,1,583,2,53,14,0,0,4,5,5,15,7,444,1,14,19,8,6,0,1,382,"0"
"476",475,11,2,597,1,121,14,0,0,4,4,5,7,7,449,1,14,15,18,6,0,1,153,"0"
"477",476,11,2,597,1,121,14,0,0,4,4,5,7,6,298,2,14,51,5,6,0,1,153,"0"
"486",485,11,2,597,1,121,14,0,0,4,4,5,7,7,797,2,14,15,8,6,0,1,153,"0"
"488",487,474,1,577,1,18,1,0,0,4,1,5,13,7,353,5,22,130,8,7,0,1,18,"0"
"489",488,519,1,589,1,76,8,0,0,1,4,5,4,7,896,2,14,51,5,7,0,1,588,"0"
"490",489,108,2,592,2,8,14,0,0,4,1,5,4,6,349,0,14,5,5,5,0,1,222,"0"
"494",493,415,1,229,1,38,14,1,0,4,4,5,7,7,101,2,14,15,2,9,0,1,351,"0"
"499",498,2,2,64,1,100,14,2,4,4,4,5,15,7,473,5,14,13,8,8,0,1,152,"0"
"500",499,2,2,64,1,100,14,2,4,4,4,5,15,7,463,2,16,19,5,5,0,1,152,"0"
"510",509,373,1,56,1,18,3,0,0,4,3,5,15,7,70,1,14,86,8,6,0,1,31,"1"
"519",518,281,0,71,2,40,8,0,0,4,1,5,13,6,343,5,14,19,2,5,0,1,483,"0"
"521",520,136,2,76,2,134,14,0,0,4,4,5,15,7,11,2,14,161,18,8,0,1,114,"0"
"525",524,99,2,87,2,87,14,0,0,1,3,5,4,7,378,5,14,14,15,3,0,1,265,"1"
"528",527,374,1,66,1,18,1,2,4,4,1,5,9,7,512,5,14,116,18,7,0,1,20,"0"
"532",531,477,1,86,2,39,5,0,0,1,1,5,13,7,728,3,3,207,8,5,0,1,10,"0"
"536",535,199,2,240,1,38,14,0,0,4,4,5,4,7,456,5,18,33,18,5,0,1,359,"1"
"538",537,63,2,181,1,84,14,0,0,4,4,5,9,5,335,1,0,207,15,9,0,1,289,"0"
"540",539,138,2,174,2,134,14,0,0,4,4,5,9,7,507,1,14,101,15,8,0,1,117,"0"
"543",542,196,2,184,1,100,14,0,0,1,4,5,15,7,447,1,14,26,8,5,0,1,100,"1"
"545",544,62,2,171,1,50,14,0,0,4,4,5,13,7,819,2,20,33,18,8,0,1,255,"0"
"547",546,111,2,182,0,23,14,0,0,1,1,5,15,6,503,0,14,199,5,7,0,1,322,"0"
"550",549,312,0,133,1,93,8,0,0,4,4,5,4,7,681,1,14,207,8,8,0,1,432,"0"
"553",552,271,0,135,1,104,8,0,0,1,4,5,9,7,390,2,14,100,15,6,0,1,453,"1"
"555",554,328,0,99,1,104,8,2,4,4,4,5,9,7,798,1,15,93,15,7,0,1,439,"2"
"556",555,393,1,94,0,82,8,2,4,4,1,5,9,7,333,2,0,158,15,5,0,1,529,"1"
"564",563,186,2,141,1,100,14,0,0,4,4,5,9,7,262,5,14,88,18,8,0,1,138,"0"
"568",567,271,0,135,1,104,8,0,0,1,4,5,9,3,852,1,14,207,15,6,0,1,453,"0"
"571",570,251,0,95,1,38,8,1,4,4,1,5,7,6,435,1,14,55,8,7,0,1,569,"0"
"574",573,312,0,133,1,93,8,0,0,4,4,5,4,6,542,1,14,25,5,8,0,1,432,"2"
"577",576,42,2,114,0,77,14,1,0,1,4,5,9,7,880,2,14,207,18,8,0,1,76,"0"
"580",579,42,2,114,0,77,14,1,0,1,4,5,9,7,290,5,14,19,18,8,0,1,76,"0"
"584",583,63,2,181,1,84,14,0,0,4,4,5,9,7,98,1,14,19,18,9,0,1,289,"1"
"585",584,585,1,167,2,61,10,0,0,1,3,5,14,10,849,1,0,62,8,5,0,1,60,"0"
"586",585,26,2,235,1,121,14,0,0,1,0,5,15,7,414,1,14,55,8,8,0,1,184,"0"
"588",587,166,2,177,2,34,14,0,0,1,3,5,7,6,588,5,14,43,5,5,0,1,280,"0"
"590",589,32,2,172,0,109,14,0,0,4,4,5,15,7,890,1,14,185,8,8,0,1,327,"0"
"591",590,566,1,180,1,18,10,0,0,4,3,5,0,6,461,1,14,25,5,7,0,1,51,"0"
"593",592,110,2,175,1,50,14,0,0,1,4,5,4,7,647,5,14,144,5,5,0,1,252,"0"
"596",595,223,3,210,1,90,16,2,4,1,4,5,15,7,508,5,14,26,8,2,0,1,16,"0"
"599",598,339,0,307,1,38,8,0,0,1,1,0,13,6,478,5,14,143,0,7,0,1,552,"0"
"600",599,521,1,187,2,103,8,2,4,1,4,5,15,0,244,1,14,77,8,7,0,1,574,"0"
"601",600,521,1,187,2,103,8,2,4,1,4,5,15,7,366,1,14,186,8,7,0,1,574,"0"
"604",603,481,1,142,1,121,14,2,4,1,1,5,9,7,108,2,14,25,18,7,0,1,72,"1"
"605",604,481,1,142,1,121,14,2,4,1,1,5,9,6,266,1,14,227,15,7,0,1,72,"1"
"607",606,329,0,132,1,38,8,0,0,4,1,5,9,7,232,5,14,51,18,6,0,1,515,"2"
"611",610,440,1,126,0,49,13,1,0,4,3,5,15,7,74,1,14,19,8,5,0,1,445,"1"
"613",612,564,1,119,1,18,10,0,0,4,4,5,9,7,607,2,14,49,15,7,0,1,59,"1"
"614",613,193,2,311,2,125,14,0,0,4,4,5,15,7,466,1,14,5,5,8,0,1,337,"2"
"618",617,459,1,29,1,44,8,0,0,4,4,5,4,7,827,1,14,25,0,10,0,1,424,"1"
"623",622,385,1,130,1,20,8,0,0,4,1,5,13,7,7,1,14,1,8,6,0,1,381,"2"
"624",623,137,2,127,2,134,14,0,0,1,4,5,15,7,899,2,14,19,8,8,0,1,135,"1"
"626",625,201,2,272,1,121,14,0,0,4,1,5,15,7,389,1,14,190,8,7,0,1,161,"2"
"633",632,294,0,2,1,16,8,2,4,2,4,5,15,7,771,2,14,51,8,6,0,1,497,"1"
"635",634,441,1,7,1,127,14,0,0,4,4,5,13,7,323,1,14,19,0,8,0,1,274,"1"
"636",635,194,2,400,1,121,14,0,0,5,4,5,11,7,646,0,14,5,8,8,0,1,159,"1"
"637",636,580,1,273,1,50,14,0,0,1,4,5,3,7,841,1,14,19,15,7,0,1,256,"1"
"643",642,104,2,409,2,94,14,0,0,4,1,5,14,7,504,0,14,207,8,6,0,1,368,"2"
"647",646,561,1,397,1,88,16,0,0,4,1,5,9,7,515,2,19,65,15,6,0,1,33,"1"
"649",648,197,2,260,1,84,14,0,0,0,1,5,15,7,806,1,14,26,8,10,0,1,264,"2"
"654",653,102,2,209,1,38,14,2,4,1,4,5,1,7,199,0,14,194,5,7,0,1,394,"1"
"655",654,434,1,27,0,77,14,0,0,4,4,5,4,7,847,1,0,137,18,5,0,1,71,"1"
"657",656,197,2,260,1,84,14,0,0,0,1,5,15,6,576,0,14,158,0,5,0,1,264,"2"
"661",660,478,1,51,1,18,10,0,0,4,4,5,15,7,280,1,14,51,8,7,0,1,55,"1"
"663",662,304,0,252,1,38,8,2,4,4,4,5,9,7,487,2,14,19,15,8,0,1,606,"2"
"667",666,33,2,325,2,134,14,1,0,4,1,5,14,7,183,0,14,19,8,8,0,1,131,"1"
"669",668,49,2,261,1,121,14,0,0,4,4,5,7,7,56,1,14,179,5,5,0,1,185,"2"
"670",669,54,2,497,2,75,14,0,0,4,4,5,15,6,431,1,14,201,8,6,0,1,215,"1"
"671",670,17,2,421,2,11,14,0,0,4,1,5,9,7,751,1,14,178,8,5,0,1,98,"2"
"672",671,114,2,347,2,23,14,0,0,4,1,5,13,7,769,0,14,75,8,7,0,1,302,"1"
"674",673,287,0,541,1,38,8,2,4,4,1,5,15,7,64,1,14,169,8,6,0,1,518,"2"
"676",675,115,2,538,2,106,14,0,0,4,3,5,15,7,743,1,14,187,8,5,0,1,230,"2"
"678",677,456,1,563,1,93,8,1,0,4,3,5,15,7,732,1,14,86,8,8,0,1,420,"2"
"680",679,315,0,26,0,78,8,1,4,1,4,5,4,6,329,1,14,55,5,9,0,1,429,"1"
"682",681,314,0,194,1,38,8,1,0,4,1,5,4,7,898,1,0,49,8,6,0,1,511,"1"
"684",683,347,0,465,2,131,8,0,0,4,1,5,15,7,147,1,14,240,5,7,0,1,611,"2"
"689",688,202,2,626,1,50,14,0,0,4,4,5,15,7,704,2,20,35,8,7,0,1,253,"2"
"693",692,19,2,0,2,75,14,2,4,1,1,5,13,7,122,1,14,62,8,5,0,1,175,"1"
"700",699,244,0,628,1,76,8,0,0,5,1,5,12,7,415,2,14,42,8,7,0,1,577,"1"
"705",704,305,0,522,1,104,8,0,0,4,1,5,4,6,139,1,14,25,7,7,0,1,454,"2"
"707",706,457,1,277,1,16,8,0,0,4,4,5,9,7,685,2,14,43,8,7,0,1,543,"1"
"708",707,49,2,261,1,121,14,0,0,4,4,5,7,7,711,0,14,198,8,8,0,1,185,"2"
"709",708,614,1,590,1,100,14,0,0,4,1,5,15,7,237,2,14,37,8,8,0,1,125,"2"
"711",710,398,1,144,2,15,8,0,0,4,1,5,9,7,283,5,15,207,18,6,0,1,597,"1"
"712",711,148,2,600,2,53,14,0,4,1,1,5,15,6,72,1,14,43,0,5,0,1,380,"2"
"714",713,148,2,600,2,53,14,0,4,1,1,5,15,7,519,1,14,133,8,5,0,1,380,"2"
"715",714,20,2,314,2,70,14,0,0,4,4,5,4,7,123,1,14,15,5,7,0,1,170,"1"
"720",719,377,1,59,1,104,8,0,0,4,4,5,9,7,494,2,14,25,15,7,0,1,440,"2"
"722",721,555,1,101,2,64,14,0,0,4,1,5,4,7,493,1,14,23,8,7,0,1,130,"2"
"729",728,333,0,48,0,78,8,1,4,4,4,5,7,6,716,1,14,51,8,9,0,1,422,"2"
"730",729,556,1,10,0,109,14,0,0,4,4,5,15,7,676,0,14,62,16,5,0,1,349,"1"
"736",735,171,2,134,1,50,14,0,4,1,4,5,4,7,383,1,0,111,8,8,0,1,292,"1"
"737",736,142,2,23,1,50,14,2,4,1,4,5,15,7,67,1,14,182,8,8,0,1,295,"2"
"740",739,431,1,268,1,38,14,0,0,4,4,5,15,7,402,1,14,25,5,8,0,1,400,"1"
"743",742,289,0,156,1,104,8,1,0,4,1,5,15,7,572,5,14,207,8,1,0,1,451,"1"
"745",744,616,1,204,2,96,14,0,0,1,4,5,4,9,470,1,14,19,5,7,0,1,334,"2"
"748",747,582,1,176,1,112,9,0,0,4,1,5,9,7,291,5,14,221,8,7,0,1,70,"1"
"750",749,190,2,185,1,121,14,0,0,4,4,5,15,7,878,1,14,5,8,8,0,1,187,"2"
"751",750,551,1,250,1,44,8,0,0,4,4,5,4,7,721,0,14,13,5,10,0,1,404,"1"
"753",752,123,2,269,1,84,14,0,0,4,1,5,9,6,330,0,14,224,8,10,0,1,293,"1"
"754",753,401,1,223,2,103,8,0,0,4,4,5,15,7,362,1,0,69,15,6,0,1,572,"2"
"757",756,420,1,316,1,93,8,0,0,4,1,5,9,7,305,1,14,182,8,7,0,1,414,"2"
"761",760,48,2,241,1,127,14,0,0,1,4,5,4,7,842,2,14,19,18,7,0,1,261,"1"
"763",762,619,1,236,2,66,8,2,2,4,3,5,15,7,407,2,17,153,8,5,0,1,390,"2"
"768",767,362,1,341,2,123,8,0,0,1,1,5,4,7,420,2,14,19,8,7,0,1,433,"2"
"770",769,210,2,567,1,100,14,0,0,1,1,5,14,9,112,0,14,55,8,7,0,1,240,"2"
"780",779,416,1,580,1,50,14,0,4,4,4,5,9,7,8,5,0,170,18,7,0,1,329,"2"
"781",780,371,1,576,1,16,8,0,0,4,4,5,15,7,726,1,0,111,8,7,0,1,537,"1"
"783",782,231,3,326,1,28,16,2,4,4,3,5,15,7,107,2,14,43,8,5,0,1,7,"2"
"784",783,558,1,283,2,85,8,2,4,4,1,5,9,7,171,5,14,152,8,7,0,1,573,"1"
"785",784,367,1,286,0,109,14,1,0,4,4,5,4,7,332,1,14,25,5,7,0,1,372,"1"
"786",785,513,1,288,1,38,8,0,0,1,1,5,9,7,633,1,14,90,18,8,0,1,457,"1"
"788",787,620,1,267,1,93,8,0,0,4,4,5,9,7,157,2,0,207,18,7,0,1,541,"2"
"793",792,567,1,449,1,18,2,0,0,3,1,5,14,7,602,0,14,79,8,7,0,1,12,"1"
"796",795,238,0,429,1,38,8,0,0,4,4,5,15,7,875,1,14,102,0,6,0,1,556,"1"
"797",796,340,0,300,2,103,8,0,0,4,1,5,15,7,761,1,14,169,8,7,0,1,605,"1"
"804",803,149,2,317,2,46,14,0,0,4,3,5,15,6,83,2,14,207,0,5,0,1,235,"1"
"807",806,444,1,436,1,121,14,0,0,4,1,5,15,7,848,1,16,207,15,8,0,1,141,"1"
"810",809,81,2,309,1,121,14,0,0,4,1,5,15,7,288,2,14,236,8,5,0,1,139,"1"
"817",816,22,2,348,1,30,14,2,4,4,4,5,9,7,649,1,14,11,18,6,0,1,127,"1"
"818",817,172,2,466,1,50,14,0,0,4,1,5,9,7,563,1,14,13,8,7,0,1,314,"1"
"820",819,458,1,482,1,38,8,0,0,4,4,5,15,7,629,1,14,126,0,7,0,1,607,"2"
"823",822,125,2,476,1,100,14,0,0,4,2,5,9,7,380,0,14,182,18,7,0,1,95,"2"
"827",826,378,1,582,1,100,14,0,0,4,4,5,9,7,17,1,14,101,8,7,0,1,109,"1"
"832",831,405,1,493,0,33,8,1,0,4,4,5,15,7,89,1,14,0,8,7,0,1,364,"1"
"835",834,613,1,239,0,78,8,0,0,1,4,5,4,6,373,1,14,207,5,9,0,1,418,"1"
"839",838,209,2,517,1,24,14,0,0,4,4,5,15,7,35,1,14,182,8,6,0,1,229,"1"
"844",843,150,2,619,1,121,14,0,0,4,1,5,15,6,596,1,14,105,0,2,0,1,228,"1"
"845",844,497,1,91,1,38,8,0,0,4,4,5,4,7,533,4,10,36,8,8,0,1,417,"1"
"846",845,410,1,189,1,100,14,2,4,1,4,5,9,7,657,2,14,25,18,7,0,1,90,"1"
"849",848,214,2,112,1,121,14,0,0,4,1,5,9,7,256,2,14,25,15,6,0,1,151,"1"
"850",849,410,1,189,1,100,14,2,4,1,4,5,9,7,782,2,14,127,18,7,0,1,90,"1"
"853",852,500,1,125,1,119,16,0,0,4,3,5,15,7,807,1,14,20,8,7,0,1,45,"1"
"855",854,381,1,122,1,18,4,0,0,4,1,5,15,7,693,0,15,201,8,7,0,1,48,"1"
"856",855,380,1,146,1,18,10,0,0,1,4,5,15,7,595,2,14,55,8,7,0,1,68,"1"
"861",860,151,2,74,1,121,14,0,0,4,1,5,9,7,314,3,14,61,8,7,0,1,202,"1"
"868",867,470,1,243,1,34,14,2,4,1,4,5,4,6,540,1,14,110,8,8,0,1,246,"1"
"869",868,576,1,14,1,38,14,0,0,1,4,5,4,7,181,1,14,113,5,8,0,1,379,"1"
"872",871,547,1,202,1,18,10,0,0,4,4,5,15,7,895,1,14,235,16,8,0,1,63,"1"
"874",873,334,0,6,1,38,8,0,0,4,1,5,15,7,161,1,14,182,8,6,0,1,546,"1"
"879",878,153,2,424,1,121,14,0,0,4,1,5,9,7,409,1,14,25,15,8,0,1,178,"1"
"883",882,469,1,21,2,134,14,0,0,4,4,5,9,7,321,2,14,206,15,8,0,1,124,"1"
"885",884,58,2,278,2,98,14,0,0,4,3,5,15,6,41,1,14,51,0,5,0,1,137,"1"
"886",885,341,0,271,2,103,8,0,0,1,3,5,9,7,723,5,14,51,18,5,0,1,551,"1"
"893",892,553,1,294,0,78,8,0,0,4,3,5,4,6,811,1,14,169,5,6,0,1,396,"1"
"894",893,540,1,285,1,76,8,0,0,4,4,5,9,7,103,5,14,81,15,7,0,1,587,"1"
"898",897,360,0,349,2,3,8,0,0,4,1,5,15,7,228,1,14,134,8,5,0,1,465,"1"
"899",898,350,0,220,0,78,8,0,0,1,4,5,15,6,234,1,14,199,8,8,0,1,431,"1"
"901",900,342,0,263,1,104,8,3,4,4,4,5,15,7,559,1,14,25,0,6,0,1,436,"1"